id,first_name,last_name,email,gender,address_id
1,Willi,Vannuchi,wvannuchi0@engadget.com,Male,73
2,Opalina,Christophle,ochristophle1@sina.com.cn,Female,17
3,Parke,Tackley,ptackley2@deliciousdays.com,Male,89
4,Berton,Klamp,bklamp3@desdev.cn,Male,99
5,Taryn,Brook,tbrook4@flavors.me,Female,86
6,Moina,Crake,mcrake5@uol.com.br,Female,38
7,Robbyn,Chezelle,rchezelle6@themeforest.net,Female,92
8,Carce,Clendening,cclendening7@chron.com,Male,64
9,Pennie,Shilton,pshilton8@mapy.cz,Genderqueer,13
10,Brig,Graal,bgraal9@microsoft.com,Male,38
11,Stephine,McDermot,smcdermota@tamu.edu,Female,10
12,Karolina,Lowdyane,klowdyaneb@dedecms.com,Female,10
13,Rakel,Oglethorpe,roglethorpec@ifeng.com,Female,93
14,Brockie,Rostern,brosternd@ustream.tv,Bigender,48
15,Jocelyn,Rouch,jrouche@imgur.com,Female,33
16,Sunshine,Cordeix,scordeixf@yellowbook.com,Female,10
17,Trenna,Belly,tbellyg@wikipedia.org,Female,44
18,Saundra,Skures,sskuresh@ocn.ne.jp,Female,93
19,Carney,Kornel,ckorneli@miibeian.gov.cn,Male,66
20,Shaylyn,Burhill,sburhillj@forbes.com,Female,40
21,Humfrid,Watkinson,hwatkinsonk@amazon.com,Male,60
22,Laureen,Whyley,lwhyleyl@yale.edu,Female,24
23,Juan,Clowney,jclowneym@time.com,Male,98
24,Elsi,Dalgety,edalgetyn@narod.ru,Female,24
25,Lawry,Draper,ldrapero@google.de,Male,58
26,Lilias,Leak,lleakp@blog.com,Female,73
27,Mart,Booy,mbooyq@sciencedaily.com,Male,89
28,Franklin,Bourbon,fbourbonr@cbslocal.com,Male,17
29,Eberhard,Paolacci,epaolaccis@rambler.ru,Male,78
30,Godard,Hember,ghembert@nsw.gov.au,Male,59
31,Shannan,Francesch,sfranceschu@behance.net,Male,25
32,Delphinia,Banfield,dbanfieldv@ow.ly,Genderqueer,23
33,Morgun,Sinyard,msinyardw@shutterfly.com,Male,83
34,Kristin,Silley,ksilleyx@eepurl.com,Female,93
35,Jervis,Casaroli,jcasaroliy@auda.org.au,Male,47
36,Hillery,McCaughren,hmccaughrenz@omniture.com,Male,62
37,Jeanelle,Strut,jstrut10@auda.org.au,Female,61
38,Berget,Tofpik,btofpik11@chronoengine.com,Female,95
39,Meghann,Cobleigh,mcobleigh12@google.fr,Female,52
40,Wye,Harfoot,wharfoot13@utexas.edu,Male,73
41,Carce,Lorent,clorent14@chronoengine.com,Male,36
42,Bax,Phlipon,bphlipon15@wiley.com,Male,45
43,Clarisse,Geldeard,cgeldeard16@miibeian.gov.cn,Female,39
44,Gordie,Wonter,gwonter17@etsy.com,Male,89
45,Ally,Leaning,aleaning18@booking.com,Female,67
46,Ly,Shillaber,lshillaber19@npr.org,Male,26
47,Cornie,Bawden,cbawden1a@vistaprint.com,Female,16
48,Kariotta,Liddall,kliddall1b@wufoo.com,Female,6
49,Elle,O'Fallone,eofallone1c@zimbio.com,Genderfluid,99
50,Hillier,Legonidec,hlegonidec1d@loc.gov,Polygender,42
51,Luke,Colbridge,lcolbridge1e@admin.ch,Male,34
52,Denys,Markova,dmarkova1f@examiner.com,Female,96
53,Philip,Robben,probben1g@ovh.net,Male,81
54,Rose,Sprake,rsprake1h@earthlink.net,Female,84
55,Callie,Gotfrey,cgotfrey1i@hatena.ne.jp,Female,65
56,Ardelis,Forward,aforward1j@issuu.com,Female,94
57,Helaina,Barajas,hbarajas1k@youku.com,Agender,33
58,Jennica,Ringe,jringe1l@free.fr,Female,17
59,Liv,McNutt,lmcnutt1m@discuz.net,Female,67
60,Auguste,Folliss,afolliss1n@icq.com,Female,44
61,Brod,Applin,bapplin1o@msu.edu,Male,27
62,Jobye,Kliemchen,jkliemchen1p@yellowpages.com,Female,46
63,Brittaney,Helis,bhelis1q@forbes.com,Female,45
64,Kliment,Biernat,kbiernat1r@yale.edu,Male,48
65,Natty,Barnsdall,nbarnsdall1s@feedburner.com,Male,40
66,Cristine,Zeale,czeale1t@flickr.com,Female,70
67,Theodor,MacMarcuis,tmacmarcuis1u@google.ru,Male,98
68,Vicky,Dubbin,vdubbin1v@rakuten.co.jp,Female,90
69,Sal,Merigeau,smerigeau1w@adobe.com,Female,55
70,Chicky,Kitchingman,ckitchingman1x@lycos.com,Male,52
71,Lelah,Smartman,lsmartman1y@theatlantic.com,Female,85
72,Derrick,Boram,dboram1z@loc.gov,Male,68
73,Rossy,Vasnetsov,rvasnetsov20@shareasale.com,Non-binary,27
74,Waldemar,Borsay,wborsay21@scribd.com,Male,26
75,Herold,Gimert,hgimert22@ca.gov,Male,72
76,Malva,Fritschmann,mfritschmann23@youtu.be,Female,92
77,Cindelyn,Stearndale,cstearndale24@sogou.com,Polygender,60
78,Allistir,Heineken,aheineken25@skyrock.com,Male,10
79,Xerxes,Keling,xkeling26@cpanel.net,Male,44
80,Ruddy,Jozefiak,rjozefiak27@creativecommons.org,Male,60
81,Ric,MacDonagh,rmacdonagh28@bbb.org,Male,15
82,Midge,Guisot,mguisot29@cnet.com,Female,30
83,Temp,Morrott,tmorrott2a@mail.ru,Male,29
84,Kevyn,Kellock,kkellock2b@independent.co.uk,Female,13
85,Maximilien,Rosenstock,mrosenstock2c@friendfeed.com,Male,34
86,Thorpe,Duchesne,tduchesne2d@hc360.com,Male,28
87,Mellicent,Bricknell,mbricknell2e@people.com.cn,Female,69
88,Juline,Babbidge,jbabbidge2f@oaic.gov.au,Female,91
89,Stephan,Hun,shun2g@nbcnews.com,Male,43
90,Den,Salterne,dsalterne2h@blogtalkradio.com,Male,80
91,Dewie,Minards,dminards2i@latimes.com,Male,77
92,Farah,Cresser,fcresser2j@ow.ly,Female,46
93,Diena,Quail,dquail2k@nature.com,Female,27
94,Matti,Pargetter,mpargetter2l@yahoo.com,Female,52
95,Jarrett,Drayton,jdrayton2m@gizmodo.com,Male,49
96,Leon,Dyett,ldyett2n@tripadvisor.com,Bigender,67
97,Janis,May,jmay2o@telegraph.co.uk,Female,21
98,Murray,Feehily,mfeehily2p@reddit.com,Male,63
99,Kesley,Keelin,kkeelin2q@hhs.gov,Female,28
100,Almira,Kenward,akenward2r@omniture.com,Female,61
101,Fleming,Martinie,fmartinie2s@ebay.com,Male,13
102,Ewan,Tickner,etickner2t@craigslist.org,Male,15
103,Cindra,Caldaro,ccaldaro2u@netlog.com,Female,33
104,Araldo,Dobey,adobey2v@last.fm,Male,66
105,Benton,Dudgeon,bdudgeon2w@accuweather.com,Male,87
106,Galina,Cornish,gcornish2x@taobao.com,Female,22
107,Lane,Powe,lpowe2y@arizona.edu,Female,42
108,Rachele,Hallgarth,rhallgarth2z@purevolume.com,Female,26
109,Valerye,Blything,vblything30@wikimedia.org,Female,17
110,Ardine,Cantrell,acantrell31@yandex.ru,Female,83
111,Edita,Jelf,ejelf32@weebly.com,Female,47
112,Carlyle,Steanyng,csteanyng33@who.int,Agender,41
113,Keefe,Chilvers,kchilvers34@usatoday.com,Male,34
114,Georgy,Towler,gtowler35@over-blog.com,Male,40
115,Vassili,Hallums,vhallums36@ebay.co.uk,Male,34
116,Nananne,Hellwich,nhellwich37@ftc.gov,Female,85
117,Aurthur,Shrubshall,ashrubshall38@pagesperso-orange.fr,Male,68
118,Roxane,Emps,remps39@vk.com,Female,45
119,Nehemiah,Adnett,nadnett3a@amazon.com,Agender,24
120,Ginni,Cubberley,gcubberley3b@answers.com,Female,75
121,Barbabra,Danby,bdanby3c@xinhuanet.com,Female,21
122,Hyacintha,Gurry,hgurry3d@google.com.br,Female,86
123,Yorgos,Flieg,yflieg3e@gov.uk,Male,72
124,Anallese,Poge,apoge3f@clickbank.net,Female,25
125,Juan,Cescon,jcescon3g@altervista.org,Male,97
126,Asa,Pickersgill,apickersgill3h@51.la,Male,53
127,Clare,Camolli,ccamolli3i@prlog.org,Female,12
128,Corbett,MacConnal,cmacconnal3j@jiathis.com,Male,36
129,Devonne,Harbin,dharbin3k@cnn.com,Female,63
130,Eada,Braim,ebraim3l@networksolutions.com,Female,90
131,Moll,St Quenin,mstquenin3m@earthlink.net,Female,100
132,Conney,Briiginshaw,cbriiginshaw3n@posterous.com,Male,72
133,Eilis,Crufts,ecrufts3o@bizjournals.com,Genderqueer,91
134,Ker,Caplin,kcaplin3p@vinaora.com,Male,37
135,Fabio,Blankman,fblankman3q@spiegel.de,Male,75
136,Kellie,Ohrtmann,kohrtmann3r@diigo.com,Female,62
137,Delmor,Casajuana,dcasajuana3s@alibaba.com,Male,97
138,Willis,Ubanks,wubanks3t@marriott.com,Male,58
139,Wiatt,Cowderay,wcowderay3u@wufoo.com,Agender,49
140,Cordelie,Littlewood,clittlewood3v@slashdot.org,Female,11
141,Gerrie,Andreazzi,gandreazzi3w@vinaora.com,Female,28
142,Sheila-kathryn,Storm,sstorm3x@vkontakte.ru,Female,64
143,Tiler,Calendar,tcalendar3y@eepurl.com,Male,39
144,Celesta,Gwinnel,cgwinnel3z@comcast.net,Female,24
145,Glenn,Dunklee,gdunklee40@timesonline.co.uk,Female,46
146,Domeniga,Burrage,dburrage41@dmoz.org,Female,44
147,Kellie,Armin,karmin42@technorati.com,Genderfluid,81
148,Hugo,Rangell,hrangell43@theguardian.com,Male,79
149,Papageno,Mayger,pmayger44@sourceforge.net,Bigender,80
150,Cathyleen,Augustus,caugustus45@xrea.com,Female,43
151,Lane,Le Sarr,llesarr46@netscape.com,Male,37
152,Forester,Wastie,fwastie47@so-net.ne.jp,Male,37
153,Dagny,Scamal,dscamal48@ifeng.com,Male,90
154,Milty,Rainard,mrainard49@pbs.org,Male,97
155,Corrianne,Fullalove,cfullalove4a@flickr.com,Female,47
156,Kathi,Isley,kisley4b@economist.com,Female,47
157,Jory,Matyashev,jmatyashev4c@alexa.com,Male,86
158,Geoffry,Coton,gcoton4d@amazon.com,Male,32
159,Cassandre,Rosettini,crosettini4e@issuu.com,Female,7
160,Arron,Wilkinson,awilkinson4f@hao123.com,Male,16
161,Lib,Pelerin,lpelerin4g@vimeo.com,Female,34
162,Brandise,St Angel,bstangel4h@prlog.org,Female,95
163,Paulie,Matysik,pmatysik4i@npr.org,Female,18
164,Joela,Saffen,jsaffen4j@google.de,Agender,46
165,Lamont,Pineaux,lpineaux4k@unesco.org,Male,56
166,Elisabeth,Millen,emillen4l@miibeian.gov.cn,Female,69
167,Velma,Petras,vpetras4m@bluehost.com,Female,69
168,Suzann,Tilly,stilly4n@bloglines.com,Female,92
169,Whitney,Macconaghy,wmacconaghy4o@google.de,Male,87
170,Lowe,Alekhov,lalekhov4p@newyorker.com,Male,39
171,Jessie,Itzkovsky,jitzkovsky4q@cafepress.com,Non-binary,65
172,Esma,Dunford,edunford4r@fda.gov,Female,76
173,Kristian,Higgoe,khiggoe4s@storify.com,Male,100
174,Dewain,Flanaghan,dflanaghan4t@alexa.com,Male,45
175,Roth,Stoakley,rstoakley4u@aol.com,Male,80
176,Antoni,Whittek,awhittek4v@cbslocal.com,Male,24
177,Hilton,Castiglione,hcastiglione4w@theglobeandmail.com,Genderfluid,84
178,Barnard,Oxby,boxby4x@webnode.com,Male,88
179,Stefania,Sabathier,ssabathier4y@google.es,Genderqueer,97
180,Modestia,Sawter,msawter4z@hhs.gov,Female,59
181,Vivianne,Tungate,vtungate50@joomla.org,Female,89
182,Willamina,Elvins,welvins51@yellowpages.com,Female,8
183,Catarina,Reicherz,creicherz52@bloglovin.com,Female,57
184,Olga,Spikins,ospikins53@cnet.com,Genderqueer,8
185,Augusta,Mullally,amullally54@bloomberg.com,Female,42
186,Rabbi,Sibary,rsibary55@newsvine.com,Male,76
187,Revkah,Goodsir,rgoodsir56@ning.com,Genderfluid,38
188,Faith,Philippon,fphilippon57@goo.ne.jp,Female,86
189,Ricki,Hattiff,rhattiff58@cargocollective.com,Female,50
190,Stan,Tutsell,stutsell59@bloglovin.com,Male,10
191,Maisey,Wigin,mwigin5a@salon.com,Bigender,21
192,Lewie,Jeanenet,ljeanenet5b@istockphoto.com,Male,90
193,Kenna,Castleman,kcastleman5c@shinystat.com,Female,46
194,Holmes,Farfalameev,hfarfalameev5d@columbia.edu,Male,1
195,Kassi,Baike,kbaike5e@list-manage.com,Female,5
196,Ario,Shier,ashier5f@dyndns.org,Male,76
197,Annabell,Rex,arex5g@instagram.com,Female,1
198,Uriel,Stabler,ustabler5h@slashdot.org,Male,71
199,Nevins,Gonsalo,ngonsalo5i@sfgate.com,Male,8
200,Angil,Maffeo,amaffeo5j@digg.com,Female,55
201,Jervis,Everitt,jeveritt5k@bing.com,Male,77
202,Julissa,Reuble,jreuble5l@bbb.org,Female,75
203,Alexa,Manna,amanna5m@skyrock.com,Female,91
204,Jillana,Bascombe,jbascombe5n@de.vu,Female,17
205,Silvano,Farnworth,sfarnworth5o@house.gov,Male,73
206,Theodosia,Lethem,tlethem5p@illinois.edu,Female,100
207,Sheffie,Pencost,spencost5q@newyorker.com,Male,48
208,Maddalena,Bonhill,mbonhill5r@sohu.com,Female,88
209,Annis,Salvati,asalvati5s@google.ca,Female,75
210,Anita,Earthfield,aearthfield5t@shop-pro.jp,Genderqueer,68
211,Marcel,Siehard,msiehard5u@rakuten.co.jp,Male,22
212,Mick,Kemmons,mkemmons5v@sbwire.com,Male,74
213,Stearn,Crompton,scrompton5w@hc360.com,Male,68
214,Willy,Hatherall,whatherall5x@fastcompany.com,Male,7
215,Korie,Avraam,kavraam5y@japanpost.jp,Female,91
216,Anatol,Thomesson,athomesson5z@abc.net.au,Male,85
217,Sabra,Hartmann,shartmann60@imdb.com,Female,19
218,Westbrooke,Cottel,wcottel61@bing.com,Male,32
219,Roze,Popping,rpopping62@ask.com,Female,14
220,Roderigo,Finden,rfinden63@samsung.com,Agender,44
221,Merci,Orrobin,morrobin64@dailymotion.com,Female,30
222,Easter,Hentzer,ehentzer65@360.cn,Female,70
223,Lothaire,L' Estrange,llestrange66@exblog.jp,Male,32
224,Mario,Bladder,mbladder67@people.com.cn,Male,92
225,Krishna,Mindenhall,kmindenhall68@unicef.org,Male,70
226,Titus,Caple,tcaple69@independent.co.uk,Bigender,88
227,Bren,Petrelli,bpetrelli6a@github.io,Female,61
228,Valida,Ashness,vashness6b@house.gov,Female,64
229,Yehudit,Hembry,yhembry6c@wikipedia.org,Male,17
230,Lezley,Hubner,lhubner6d@is.gd,Agender,49
231,Diane,Sitlington,dsitlington6e@bbc.co.uk,Female,20
232,Ardith,Vinick,avinick6f@geocities.jp,Female,34
233,Killie,Ennever,kennever6g@pbs.org,Male,58
234,Karoly,Alejandri,kalejandri6h@simplemachines.org,Polygender,78
235,Britt,Izzatt,bizzatt6i@alibaba.com,Male,12
236,Leroi,Chaudrelle,lchaudrelle6j@omniture.com,Male,86
237,Ardene,Moffat,amoffat6k@guardian.co.uk,Female,85
238,Ilise,Rudgerd,irudgerd6l@ihg.com,Female,23
239,Waylen,Petrakov,wpetrakov6m@linkedin.com,Male,20
240,Dorita,Miliffe,dmiliffe6n@yolasite.com,Female,44
241,Kai,Ewart,kewart6o@prlog.org,Female,28
242,Nicoline,Armand,narmand6p@thetimes.co.uk,Female,19
243,Andris,Lindberg,alindberg6q@ebay.co.uk,Male,96
244,Kiersten,Vitte,kvitte6r@aol.com,Female,42
245,Kai,Vidgen,kvidgen6s@msu.edu,Female,51
246,Wainwright,Hinkensen,whinkensen6t@squarespace.com,Male,73
247,Steven,Whewell,swhewell6u@fda.gov,Male,20
248,Joleen,Colin,jcolin6v@sakura.ne.jp,Female,72
249,Dael,Petrusch,dpetrusch6w@sitemeter.com,Male,34
250,Claudina,Ivanishev,civanishev6x@state.gov,Female,4
251,Randy,Isson,risson6y@google.it,Male,68
252,Melli,Carnegie,mcarnegie6z@networksolutions.com,Female,68
253,Wyn,Rainbow,wrainbow70@dion.ne.jp,Male,12
254,Valera,Spoors,vspoors71@tmall.com,Female,29
255,Igor,Tourmell,itourmell72@google.de,Male,98
256,Frankie,Hof,fhof73@goo.ne.jp,Female,30
257,Lula,Endrici,lendrici74@nationalgeographic.com,Female,61
258,Sela,Oliveto,soliveto75@utexas.edu,Female,33
259,Carlynn,Marsy,cmarsy76@usatoday.com,Female,15
260,Jacqueline,Hearl,jhearl77@google.com.au,Female,59
261,Brody,Jinda,bjinda78@issuu.com,Male,4
262,Ringo,Duchateau,rduchateau79@bing.com,Non-binary,5
263,Frazer,Enriques,fenriques7a@va.gov,Male,69
264,Ardis,Grzeszczyk,agrzeszczyk7b@bandcamp.com,Female,70
265,Jenna,Izakovitz,jizakovitz7c@csmonitor.com,Female,4
266,Olivier,Dreher,odreher7d@youtu.be,Male,72
267,Maud,Boxell,mboxell7e@g.co,Female,68
268,Iver,Mordin,imordin7f@shinystat.com,Male,67
269,Fernande,McMechan,fmcmechan7g@wp.com,Female,15
270,Kinsley,Treacy,ktreacy7h@hao123.com,Male,50
271,Ailsun,Fretson,afretson7i@japanpost.jp,Female,62
272,Pyotr,Dorrance,pdorrance7j@clickbank.net,Male,42
273,Adaline,Turmel,aturmel7k@ed.gov,Female,74
274,Tanitansy,Itzhayek,titzhayek7l@accuweather.com,Female,11
275,Fletcher,Gethyn,fgethyn7m@abc.net.au,Male,26
276,Abel,Rentilll,arentilll7n@blogger.com,Male,80
277,Renae,Gookes,rgookes7o@google.de,Female,95
278,Roldan,Akram,rakram7p@blogs.com,Male,14
279,Dasi,Bedward,dbedward7q@discuz.net,Female,73
280,Vail,Duferie,vduferie7r@marketwatch.com,Male,100
281,Ola,Lavrick,olavrick7s@oakley.com,Female,13
282,Wilbur,Leet,wleet7t@exblog.jp,Male,2
283,Emera,Kliche,ekliche7u@photobucket.com,Female,58
284,Deonne,Swigger,dswigger7v@biglobe.ne.jp,Female,91
285,Renaldo,Bolesworth,rbolesworth7w@dmoz.org,Male,24
286,Haley,Hyrons,hhyrons7x@who.int,Female,36
287,Nevile,Tripp,ntripp7y@hubpages.com,Male,40
288,Coleman,Crosio,ccrosio7z@addthis.com,Male,40
289,Rahel,Batterson,rbatterson80@google.co.uk,Female,68
290,Roger,De Roos,rderoos81@wikispaces.com,Male,64
291,Heywood,Lembrick,hlembrick82@mit.edu,Male,79
292,Darleen,Barthelet,dbarthelet83@w3.org,Female,44
293,Clo,Janicijevic,cjanicijevic84@taobao.com,Female,62
294,Kienan,Siggens,ksiggens85@mapquest.com,Male,67
295,Niko,Dummer,ndummer86@canalblog.com,Male,80
296,Stevie,Cornick,scornick87@thetimes.co.uk,Male,17
297,Con,De Miranda,cdemiranda88@cocolog-nifty.com,Male,84
298,Katinka,Prestage,kprestage89@jimdo.com,Female,74
299,Darb,Dreng,ddreng8a@diigo.com,Bigender,75
300,Erick,Von Helmholtz,evonhelmholtz8b@nbcnews.com,Male,65
301,Jimmy,Woofendell,jwoofendell8c@theglobeandmail.com,Male,25
302,Stan,Timperley,stimperley8d@usda.gov,Male,39
303,Martie,O'Kielt,mokielt8e@umn.edu,Male,70
304,Clovis,O'Day,coday8f@wordpress.org,Female,83
305,Aaron,Matches,amatches8g@discuz.net,Male,9
306,Karney,Kagan,kkagan8h@walmart.com,Male,40
307,Parrnell,Hammor,phammor8i@chicagotribune.com,Male,35
308,Gabriela,Petrina,gpetrina8j@amazon.co.jp,Female,91
309,Stinky,Rennebach,srennebach8k@last.fm,Male,36
310,Jessamyn,Millsap,jmillsap8l@google.com,Female,99
311,Justina,Cicculini,jcicculini8m@unblog.fr,Female,19
312,Alvira,Dict,adict8n@archive.org,Genderqueer,28
313,Roseanna,Ausher,rausher8o@vinaora.com,Female,69
314,Miriam,Ambrogiotti,mambrogiotti8p@tumblr.com,Female,32
315,Trueman,Cooksey,tcooksey8q@nba.com,Non-binary,59
316,Cristen,Spittall,cspittall8r@canalblog.com,Female,82
317,Jacob,Hanvey,jhanvey8s@senate.gov,Male,86
318,Rosita,Wayper,rwayper8t@umn.edu,Female,93
319,Henryetta,Corsor,hcorsor8u@wisc.edu,Female,84
320,Cosette,Murrigans,cmurrigans8v@ask.com,Female,2
321,Marley,Lilion,mlilion8w@shop-pro.jp,Female,21
322,Ilyse,Ewington,iewington8x@goo.ne.jp,Female,12
323,Janean,Breming,jbreming8y@newsvine.com,Female,95
324,Karalynn,O'Corrigane,kocorrigane8z@craigslist.org,Female,22
325,Biddie,Drexel,bdrexel90@phpbb.com,Female,7
326,Niko,Valentino,nvalentino91@google.com,Bigender,22
327,Modestia,Gittoes,mgittoes92@wikispaces.com,Female,89
328,Camala,Bagnal,cbagnal93@cloudflare.com,Female,16
329,Julianna,Huggan,jhuggan94@walmart.com,Female,54
330,Elijah,Fattorini,efattorini95@cpanel.net,Bigender,54
331,Lorita,Ghiriardelli,lghiriardelli96@tumblr.com,Female,34
332,Giraud,Gruszecki,ggruszecki97@blogtalkradio.com,Polygender,14
333,Claudelle,Meach,cmeach98@hibu.com,Female,24
334,Arnie,Rashleigh,arashleigh99@taobao.com,Male,10
335,Aurelea,Brimley,abrimley9a@upenn.edu,Female,56
336,Lorita,Mockford,lmockford9b@hp.com,Female,94
337,Renee,Ciccottini,rciccottini9c@telegraph.co.uk,Female,77
338,Aurelie,Wooler,awooler9d@xinhuanet.com,Female,50
339,Alphard,Annion,aannion9e@vk.com,Male,14
340,Griswold,Humbie,ghumbie9f@disqus.com,Male,20
341,Ashla,Earwaker,aearwaker9g@twitpic.com,Female,81
342,Brand,Ucchino,bucchino9h@github.com,Male,12
343,Nowell,Wantling,nwantling9i@wikia.com,Male,79
344,Wernher,Dungey,wdungey9j@yale.edu,Male,14
345,Tabb,Ashness,tashness9k@canalblog.com,Male,56
346,Tansy,McGannon,tmcgannon9l@geocities.com,Female,89
347,Clayborn,Winsor,cwinsor9m@indiegogo.com,Male,89
348,Cristian,Oxbury,coxbury9n@slashdot.org,Male,24
349,Wini,Tacey,wtacey9o@newsvine.com,Female,67
350,Rodie,Saines,rsaines9p@nyu.edu,Female,100
351,Marisa,Ceeley,mceeley9q@cdc.gov,Female,79
352,Thedric,Rubbens,trubbens9r@miitbeian.gov.cn,Male,2
353,Phillipp,Dwane,pdwane9s@bigcartel.com,Male,46
354,Arlin,Mutch,amutch9t@discovery.com,Male,54
355,Chev,Sissland,csissland9u@odnoklassniki.ru,Male,35
356,Rubie,Danko,rdanko9v@jimdo.com,Non-binary,17
357,Demetre,Breslau,dbreslau9w@wikispaces.com,Male,54
358,Gerry,McPartling,gmcpartling9x@rambler.ru,Female,43
359,Basile,Weldon,bweldon9y@sciencedaily.com,Male,31
360,Alex,Baraclough,abaraclough9z@people.com.cn,Female,65
361,Boony,Bemlott,bbemlotta0@businessinsider.com,Male,55
362,Wylie,Cottey,wcotteya1@vimeo.com,Male,34
363,Bendick,Muckian,bmuckiana2@dailymotion.com,Male,73
364,Reinwald,Giottoi,rgiottoia3@umich.edu,Male,41
365,Ingrim,Broscombe,ibroscombea4@epa.gov,Male,66
366,Kesley,Lerway,klerwaya5@fastcompany.com,Female,45
367,Barris,Ockenden,bockendena6@illinois.edu,Male,84
368,Ettie,Rebillard,erebillarda7@nps.gov,Female,43
369,Willdon,Whittleton,wwhittletona8@bandcamp.com,Male,53
370,Mendel,Hinzer,mhinzera9@patch.com,Male,60
371,Tobin,Ransom,transomaa@etsy.com,Male,37
372,Hillyer,Christin,hchristinab@apache.org,Male,73
373,Dreddy,Muckeen,dmuckeenac@reuters.com,Female,74
374,Aron,Cuttings,acuttingsad@netvibes.com,Male,99
375,Abbe,Musso,amussoae@zimbio.com,Male,42
376,Freeland,Gaiger,fgaigeraf@xrea.com,Male,81
377,Obidiah,Spackman,ospackmanag@arizona.edu,Male,54
378,Kristian,Codron,kcodronah@chron.com,Male,55
379,Durant,Gennings,dgenningsai@de.vu,Polygender,31
380,Enoch,Shobbrook,eshobbrookaj@yale.edu,Male,42
381,Ludvig,Mathe,lmatheak@merriam-webster.com,Genderqueer,99
382,Tremain,Ellison,tellisonal@reuters.com,Male,44
383,Germain,Cohn,gcohnam@webmd.com,Male,62
384,Sadye,Gregh,sgreghan@google.com.br,Female,44
385,Boot,Pretti,bprettiao@nature.com,Male,55
386,Celka,Stucksbury,cstucksburyap@goo.ne.jp,Female,33
387,Cynthea,Clemon,cclemonaq@wix.com,Female,58
388,Dewey,Barfford,dbarffordar@google.it,Male,67
389,Vernice,Keepe,vkeepeas@statcounter.com,Female,15
390,Rickard,Obray,robrayat@arstechnica.com,Genderqueer,27
391,Care,Torritti,ctorrittiau@com.com,Male,65
392,Brok,Sundin,bsundinav@miitbeian.gov.cn,Male,90
393,Ford,Kirton,fkirtonaw@hubpages.com,Male,28
394,Marti,Kerss,mkerssax@home.pl,Female,44
395,Katha,Appleton,kappletonay@reference.com,Female,46
396,Seth,Coult,scoultaz@globo.com,Male,100
397,Wallas,Waple,wwapleb0@bandcamp.com,Male,54
398,Alexia,Dahlborg,adahlborgb1@scientificamerican.com,Female,48
399,Aurelia,Laffranconi,alaffranconib2@4shared.com,Female,43
400,Keith,Robbert,krobbertb3@webmd.com,Male,39
401,Roz,Larrad,rlarradb4@themeforest.net,Female,24
402,Stafford,Dudek,sdudekb5@acquirethisname.com,Male,72
403,Francis,Wedlake,fwedlakeb6@bigcartel.com,Male,71
404,Whit,Eim,weimb7@nymag.com,Male,59
405,Miranda,Sandilands,msandilandsb8@t.co,Female,61
406,Feodora,Doerren,fdoerrenb9@kickstarter.com,Female,61
407,Emelyne,Duckers,educkersba@paypal.com,Genderfluid,56
408,Pam,Evert,pevertbb@slate.com,Female,46
409,Dar,Rassmann,drassmannbc@yelp.com,Male,94
410,Garret,Burn,gburnbd@slashdot.org,Male,38
411,Any,Hotton,ahottonbe@weebly.com,Male,75
412,Lukas,Goring,lgoringbf@sogou.com,Male,70
413,Camel,Micklem,cmicklembg@qq.com,Female,10
414,Had,Margarson,hmargarsonbh@barnesandnoble.com,Male,13
415,Helenelizabeth,Whellams,hwhellamsbi@japanpost.jp,Female,92
416,Elbert,Hargreves,ehargrevesbj@github.com,Male,26
417,Ambrosius,Markl,amarklbk@mapy.cz,Male,52
418,Harman,Heintze,hheintzebl@comcast.net,Male,62
419,Diarmid,Sworne,dswornebm@amazon.co.jp,Male,17
420,Fey,Northgraves,fnorthgravesbn@msn.com,Female,50
421,Dory,McCobb,dmccobbbo@jimdo.com,Female,75
422,Rori,Micallef,rmicallefbp@cbslocal.com,Female,3
423,Randall,Cortez,rcortezbq@istockphoto.com,Male,94
424,Trever,Atling,tatlingbr@reddit.com,Male,42
425,Lane,Liepina,lliepinabs@jalbum.net,Male,69
426,Pepe,Brookfield,pbrookfieldbt@dailymotion.com,Male,96
427,Paddie,Aprahamian,paprahamianbu@slashdot.org,Male,18
428,Gray,Doncom,gdoncombv@examiner.com,Male,70
429,Arluene,Lujan,alujanbw@virginia.edu,Female,2
430,Marigold,Benit,mbenitbx@umich.edu,Genderfluid,24
431,Ian,Carnoghan,icarnoghanby@army.mil,Male,43
432,Dina,Gronaver,dgronaverbz@reddit.com,Non-binary,87
433,Dorene,Gipson,dgipsonc0@shutterfly.com,Female,49
434,Bebe,Verissimo,bverissimoc1@shutterfly.com,Female,58
435,Wallie,Reide,wreidec2@tinypic.com,Female,54
436,Derry,Kermeen,dkermeenc3@ehow.com,Male,40
437,Jen,Varga,jvargac4@yahoo.com,Female,78
438,Debee,Sewards,dsewardsc5@t-online.de,Female,3
439,Cirillo,Cotherill,ccotherillc6@sbwire.com,Male,38
440,Karly,Traut,ktrautc7@mtv.com,Female,5
441,Rosanne,Bram,rbramc8@technorati.com,Female,51
442,Kandace,Sitlinton,ksitlintonc9@ning.com,Genderfluid,91
443,Heriberto,Troth,htrothca@storify.com,Male,92
444,Hakim,Cockhill,hcockhillcb@is.gd,Male,24
445,Calla,Gagen,cgagencc@bbb.org,Female,100
446,Orland,Camerati,ocameraticd@forbes.com,Male,33
447,Gilles,Guynemer,gguynemerce@blog.com,Genderfluid,18
448,Godart,Haburne,ghaburnecf@domainmarket.com,Male,76
449,Antoinette,Margerrison,amargerrisoncg@wikipedia.org,Female,34
450,Berry,Beckingham,bbeckinghamch@desdev.cn,Female,98
451,Sigismond,Varty,svartyci@hao123.com,Male,77
452,Port,Conry,pconrycj@loc.gov,Male,22
453,Arley,Heaford,aheafordck@ow.ly,Male,65
454,Morry,Chable,mchablecl@msn.com,Male,17
455,Ganny,Woodyatt,gwoodyattcm@etsy.com,Male,24
456,Leonardo,Parham,lparhamcn@wiley.com,Male,36
457,Danyelle,Melley,dmelleyco@slate.com,Female,100
458,Edeline,Scholcroft,escholcroftcp@qq.com,Female,88
459,Raimundo,Prium,rpriumcq@cdbaby.com,Male,87
460,Margaux,Goodwill,mgoodwillcr@github.com,Female,85
461,Billy,Hamflett,bhamflettcs@godaddy.com,Female,19
462,Yancey,Joddins,yjoddinsct@mashable.com,Male,13
463,Melisa,Jobb,mjobbcu@nih.gov,Female,74
464,Willabella,Jacobsen,wjacobsencv@last.fm,Female,98
465,Wenona,Rubie,wrubiecw@examiner.com,Female,75
466,Lydon,McVane,lmcvanecx@reference.com,Male,83
467,Alyda,Barrim,abarrimcy@nasa.gov,Female,53
468,Alexander,MacManus,amacmanuscz@house.gov,Male,26
469,Marlie,Hellin,mhellind0@lycos.com,Female,75
470,Jarrad,Lelande,jlelanded1@wikispaces.com,Male,48
471,Chryste,Boundey,cboundeyd2@narod.ru,Female,68
472,Ferdy,Aspling,fasplingd3@t.co,Male,70
473,Kori,Membry,kmembryd4@constantcontact.com,Female,32
474,Hamel,Geoghegan,hgeoghegand5@businesswire.com,Male,44
475,Barr,Beccera,bbeccerad6@istockphoto.com,Male,60
476,Edward,Waggett,ewaggettd7@nps.gov,Male,48
477,Anett,Shardlow,ashardlowd8@storify.com,Agender,38
478,Bucky,Rowsel,browseld9@hatena.ne.jp,Male,23
479,Bertrand,Hebbes,bhebbesda@prweb.com,Male,58
480,Brooks,Ambrogelli,bambrogellidb@unblog.fr,Female,46
481,Fabiano,Gliddon,fgliddondc@reddit.com,Male,72
482,Gregorio,Dyball,gdyballdd@geocities.jp,Male,65
483,Barry,Arondel,barondelde@nba.com,Female,51
484,Emmet,Dow,edowdf@dropbox.com,Male,14
485,Rachel,Thurlby,rthurlbydg@si.edu,Female,5
486,Ellsworth,Dupree,edupreedh@tumblr.com,Male,1
487,Herbert,Guerrin,hguerrindi@pagesperso-orange.fr,Male,81
488,Eryn,Mattek,emattekdj@4shared.com,Female,25
489,Vlad,Liddall,vliddalldk@zdnet.com,Male,59
490,Jeramey,Ludye,jludyedl@google.com,Male,17
491,Alena,Meharry,ameharrydm@histats.com,Female,90
492,Domenic,Loveman,dlovemandn@hugedomains.com,Male,79
493,Rollins,Yashnov,ryashnovdo@cnn.com,Male,32
494,Hammad,Ferminger,hfermingerdp@zdnet.com,Male,53
495,Sax,O'Hare,soharedq@phoca.cz,Male,45
496,Art,Ragge,araggedr@si.edu,Male,84
497,Daile,St Ange,dstangeds@engadget.com,Female,47
498,Gerrie,Bowler,gbowlerdt@typepad.com,Male,5
499,Reyna,Shepperd,rshepperddu@cnn.com,Agender,38
500,Morgan,MacLaig,mmaclaigdv@wikia.com,Male,71
501,Maryellen,Cartwight,mcartwightdw@fda.gov,Female,17
502,Gabriela,Mcmanaman,gmcmanamandx@slideshare.net,Female,41
503,Fanchette,Shard,fsharddy@ask.com,Female,56
504,Analiese,Chalfain,achalfaindz@macromedia.com,Female,97
505,Benjamin,Neem,bneeme0@auda.org.au,Male,76
506,Guendolen,Raffan,graffane1@topsy.com,Female,97
507,Gilemette,Bagnall,gbagnalle2@patch.com,Female,45
508,Alexander,Brownfield,abrownfielde3@themeforest.net,Male,53
509,Junia,Turley,jturleye4@woothemes.com,Female,60
510,Skippy,Drohan,sdrohane5@businesswire.com,Male,92
511,Brunhilde,Bastian,bbastiane6@bravesites.com,Female,91
512,Ettie,Meers,emeerse7@vistaprint.com,Female,63
513,Ianthe,Eadmeades,ieadmeadese8@google.com.hk,Female,21
514,Archibald,Mensler,amenslere9@msu.edu,Male,98
515,Cleopatra,von Nassau,cvonnassauea@samsung.com,Female,71
516,Mag,Ortells,mortellseb@rediff.com,Bigender,66
517,Celie,Sandars,csandarsec@alexa.com,Female,28
518,Crin,de Pinna,cdepinnaed@hatena.ne.jp,Female,60
519,Torre,MacNaughton,tmacnaughtonee@sourceforge.net,Male,82
520,Hashim,O'Fogarty,hofogartyef@rediff.com,Male,36
521,Ginny,Grieger,ggriegereg@noaa.gov,Female,25
522,Amitie,Croix,acroixeh@epa.gov,Female,5
523,Romeo,Gutans,rgutansei@simplemachines.org,Male,8
524,Dirk,Dodd,ddoddej@sciencedirect.com,Male,72
525,Arty,Skydall,askydallek@homestead.com,Bigender,10
526,Remy,Cullingworth,rcullingworthel@networkadvertising.org,Female,5
527,Veronike,Paliser,vpaliserem@chronoengine.com,Female,23
528,Janella,Wyldbore,jwyldboreen@google.ca,Genderfluid,38
529,Papagena,Brister,pbristereo@wired.com,Female,14
530,Fernandina,Henrych,fhenrychep@dailymail.co.uk,Female,57
531,Reine,Blowfield,rblowfieldeq@canalblog.com,Female,87
532,Eldon,Hunnicutt,ehunnicutter@nifty.com,Male,16
533,Gill,Thewys,gthewyses@cnet.com,Female,14
534,Shepherd,Iwaszkiewicz,siwaszkiewiczet@dion.ne.jp,Male,57
535,Teddie,Edowes,tedoweseu@who.int,Female,35
536,Sande,Dominick,sdominickev@vkontakte.ru,Female,20
537,Isidor,Janzen,ijanzenew@sina.com.cn,Male,63
538,Kaja,Rawls,krawlsex@businessinsider.com,Female,46
539,Hamlin,Duffet,hduffetey@dailymail.co.uk,Male,74
540,Mar,Cancellario,mcancellarioez@zdnet.com,Male,70
541,Marylinda,Wellesley,mwellesleyf0@ezinearticles.com,Female,68
542,Belle,Stare,bstaref1@gnu.org,Female,83
543,Mart,Boylin,mboylinf2@arizona.edu,Male,30
544,Adrien,Maidment,amaidmentf3@plala.or.jp,Male,39
545,Carolus,Ghidelli,cghidellif4@yelp.com,Male,71
546,Giles,Llopis,gllopisf5@wisc.edu,Male,83
547,Killie,Hyatt,khyattf6@nationalgeographic.com,Male,89
548,Cullin,Pym,cpymf7@ovh.net,Male,13
549,Garek,Fellgate,gfellgatef8@answers.com,Male,28
550,Dinnie,Riccioppo,driccioppof9@economist.com,Female,94
551,Nadine,Riddick,nriddickfa@blogs.com,Female,61
552,Ellery,Taffe,etaffefb@princeton.edu,Male,7
553,Marie-jeanne,Brou,mbroufc@people.com.cn,Genderfluid,37
554,Sherwin,Gaffon,sgaffonfd@merriam-webster.com,Male,64
555,Shani,Cellone,scellonefe@1und1.de,Female,49
556,Esra,de Leon,edeleonff@people.com.cn,Male,48
557,Sacha,Gomery,sgomeryfg@xinhuanet.com,Female,5
558,Jaynell,Hyslop,jhyslopfh@over-blog.com,Female,55
559,Prentiss,Hrihorovich,phrihorovichfi@free.fr,Male,39
560,Helli,Dumsday,hdumsdayfj@pcworld.com,Female,82
561,Skipper,Bwye,sbwyefk@amazonaws.com,Male,74
562,Karyl,Crellim,kcrellimfl@privacy.gov.au,Bigender,18
563,Hendrik,Hasser,hhasserfm@weibo.com,Male,53
564,June,Medd,jmeddfn@acquirethisname.com,Female,54
565,Jaymee,Oakman,joakmanfo@mysql.com,Female,7
566,Vite,Lynock,vlynockfp@unicef.org,Male,79
567,Heath,Sweetsur,hsweetsurfq@dagondesign.com,Female,100
568,Carney,Howgill,chowgillfr@plala.or.jp,Male,9
569,Ludovika,Winckle,lwincklefs@fc2.com,Female,97
570,Iggie,Antonescu,iantonescuft@accuweather.com,Male,58
571,Allister,Pickhaver,apickhaverfu@google.cn,Male,97
572,Parsifal,Vickarman,pvickarmanfv@aol.com,Male,67
573,Ulrica,Chatterton,uchattertonfw@cnet.com,Bigender,69
574,Roth,Rameau,rrameaufx@1688.com,Male,24
575,Sarena,Hannigan,shanniganfy@parallels.com,Female,36
576,Yolane,Keaveney,ykeaveneyfz@nytimes.com,Female,55
577,Chadwick,Beddoes,cbeddoesg0@usgs.gov,Male,22
578,Wells,Franzen,wfranzeng1@buzzfeed.com,Male,21
579,Ethelin,Alps,ealpsg2@tmall.com,Female,19
580,Derek,Eglin,degling3@wsj.com,Male,73
581,Everett,McGann,emcganng4@usatoday.com,Male,67
582,Kimball,Fillis,kfillisg5@usda.gov,Male,64
583,Melody,Creedland,mcreedlandg6@cbslocal.com,Female,30
584,Trevar,Bethell,tbethellg7@archive.org,Male,96
585,Shermie,Dellenty,sdellentyg8@icq.com,Genderqueer,81
586,Rebecka,Gradley,rgradleyg9@vimeo.com,Genderfluid,69
587,Pavia,Trinkwon,ptrinkwonga@toplist.cz,Female,44
588,Nathalia,Meo,nmeogb@4shared.com,Female,77
589,Anders,Persey,aperseygc@wikimedia.org,Male,86
590,Coralyn,Helin,chelingd@usa.gov,Female,100
591,Abbie,Gregorin,agregoringe@kickstarter.com,Male,40
592,Richmound,Medeway,rmedewaygf@spiegel.de,Male,14
593,Herb,Matthius,hmatthiusgg@abc.net.au,Male,9
594,Phyllida,Halhead,phalheadgh@spiegel.de,Female,78
595,Luke,Armistead,larmisteadgi@weibo.com,Genderqueer,66
596,Sileas,Barthrup,sbarthrupgj@reddit.com,Female,85
597,Farlie,Vallender,fvallendergk@alibaba.com,Male,47
598,Arny,Presshaugh,apresshaughgl@nhs.uk,Male,9
599,Mamie,Fison,mfisongm@forbes.com,Genderqueer,42
600,Noll,Sliney,nslineygn@themeforest.net,Male,77
601,Rutger,Pentercost,rpentercostgo@wikispaces.com,Male,19
602,Oby,Crunden,ocrundengp@dion.ne.jp,Male,88
603,Corine,Blyth,cblythgq@gravatar.com,Female,83
604,Gilberto,Souch,gsouchgr@usnews.com,Male,3
605,Doretta,McBay,dmcbaygs@opensource.org,Female,23
606,Leonardo,Sandell,lsandellgt@blogtalkradio.com,Polygender,54
607,Ynes,Temlett,ytemlettgu@state.tx.us,Female,9
608,Constantina,Gerald,cgeraldgv@va.gov,Female,72
609,Glenn,Imlaw,gimlawgw@bluehost.com,Female,15
610,Cheryl,Mollen,cmollengx@utexas.edu,Female,41
611,Fidela,Devenish,fdevenishgy@baidu.com,Female,47
612,Jermaine,Pellissier,jpellissiergz@gizmodo.com,Male,100
613,Erma,Millard,emillardh0@google.com.au,Female,58
614,Lorettalorna,Leveridge,lleveridgeh1@google.es,Female,40
615,Emmalynne,Tiplady,etipladyh2@apple.com,Genderqueer,62
616,Benton,Bartunek,bbartunekh3@twitpic.com,Male,65
617,Serene,Coppo,scoppoh4@toplist.cz,Bigender,53
618,Ritchie,Burgess,rburgessh5@goo.ne.jp,Male,26
619,Gabby,Cotes,gcotesh6@i2i.jp,Genderqueer,69
620,Michelina,Marzelli,mmarzellih7@prlog.org,Female,5
621,Rena,Sheerin,rsheerinh8@upenn.edu,Female,90
622,Boonie,Tilsley,btilsleyh9@tamu.edu,Male,35
623,Willem,Vivyan,wvivyanha@sbwire.com,Male,97
624,Guthrie,Sloy,gsloyhb@instagram.com,Male,10
625,Samuel,Whettleton,swhettletonhc@wisc.edu,Male,6
626,Esmeralda,McQuaker,emcquakerhd@fotki.com,Female,43
627,Wilone,Kerrigan,wkerriganhe@smh.com.au,Genderqueer,39
628,Babita,MacTurlough,bmacturloughhf@sphinn.com,Female,26
629,Ahmed,Akram,aakramhg@cloudflare.com,Male,73
630,Wendall,Ollis,wollishh@angelfire.com,Male,67
631,Michale,Hutchison,mhutchisonhi@buzzfeed.com,Male,9
632,Neil,Prettjohn,nprettjohnhj@disqus.com,Male,85
633,Ethan,Hughman,ehughmanhk@altervista.org,Male,78
634,Reggie,Vanns,rvannshl@cyberchimps.com,Male,18
635,Ellissa,Coltart,ecoltarthm@parallels.com,Female,37
636,Engelbert,Peckham,epeckhamhn@freewebs.com,Non-binary,4
637,Brittan,Muldownie,bmuldownieho@yolasite.com,Female,16
638,Charles,Arndt,carndthp@wiley.com,Male,59
639,Vic,Aim,vaimhq@nytimes.com,Male,43
640,Helli,Rutigliano,hrutiglianohr@stanford.edu,Female,67
641,Juana,Angerstein,jangersteinhs@hibu.com,Female,25
642,Bern,Poundford,bpoundfordht@wordpress.com,Male,93
643,Annissa,Michie,amichiehu@a8.net,Female,83
644,Shalne,Stidson,sstidsonhv@globo.com,Female,79
645,Randie,Dabnor,rdabnorhw@businesswire.com,Male,44
646,Marleen,Pothbury,mpothburyhx@ning.com,Female,58
647,Lina,Moxstead,lmoxsteadhy@uol.com.br,Female,11
648,Ellerey,Pauluzzi,epauluzzihz@xinhuanet.com,Male,71
649,Ileana,Boyall,iboyalli0@blogspot.com,Agender,8
650,Aldon,Pietersen,apieterseni1@hp.com,Male,26
651,Jordanna,Corbridge,jcorbridgei2@smugmug.com,Non-binary,73
652,Gale,Proven,gproveni3@wired.com,Male,27
653,Ashley,Poulgreen,apoulgreeni4@imgur.com,Male,44
654,Ethelred,Fitt,efitti5@comsenz.com,Non-binary,27
655,Suzi,Tunney,stunneyi6@statcounter.com,Female,44
656,Aliza,Graundisson,agraundissoni7@businessweek.com,Female,31
657,Kimmy,Chadbourne,kchadbournei8@prnewswire.com,Female,35
658,Gene,Carren,gcarreni9@people.com.cn,Polygender,61
659,Juliette,Moukes,jmoukesia@123-reg.co.uk,Female,55
660,Jacky,Zuan,jzuanib@nps.gov,Female,59
661,Vilma,Lippo,vlippoic@moonfruit.com,Female,99
662,Ben,Ettritch,bettritchid@thetimes.co.uk,Male,2
663,Gerrie,Stepto,gsteptoie@wiley.com,Female,39
664,Heall,Gegay,hgegayif@moonfruit.com,Male,12
665,Christen,Willes,cwillesig@live.com,Female,54
666,Marcia,Dawidsohn,mdawidsohnih@umn.edu,Female,33
667,Fiona,O' Reagan,foreaganii@ovh.net,Female,59
668,Jakie,Strother,jstrotherij@reverbnation.com,Male,99
669,Berkly,Standring,bstandringik@nationalgeographic.com,Male,34
670,Calida,Twyford,ctwyfordil@scribd.com,Female,45
671,Ron,Peplow,rpeplowim@elegantthemes.com,Male,26
672,Loree,Sherrard,lsherrardin@irs.gov,Female,96
673,Felicia,Palia,fpaliaio@cnet.com,Female,34
674,Calley,Mawhinney,cmawhinneyip@gnu.org,Female,96
675,Margarete,Kalf,mkalfiq@fda.gov,Female,36
676,Layla,Ardling,lardlingir@geocities.com,Female,2
677,Kathrine,Bruster,kbrusteris@europa.eu,Non-binary,52
678,Godfree,Scotson,gscotsonit@ifeng.com,Male,41
679,Jamison,Common,jcommoniu@mail.ru,Male,30
680,Jaquith,Maus,jmausiv@meetup.com,Female,34
681,Dani,Wandrich,dwandrichiw@hostgator.com,Male,67
682,Kaye,Thickens,kthickensix@mapy.cz,Female,91
683,Armin,Rylance,arylanceiy@cdc.gov,Male,22
684,Kizzee,Poetz,kpoetziz@nbcnews.com,Female,89
685,Alta,Rosengren,arosengrenj0@csmonitor.com,Female,52
686,Obadiah,Issett,oissettj1@ifeng.com,Male,1
687,Costa,Nickerson,cnickersonj2@theatlantic.com,Male,64
688,Bary,Simonini,bsimoninij3@weibo.com,Male,65
689,Talyah,Natt,tnattj4@amazon.co.uk,Female,22
690,Jocelin,MacKibbon,jmackibbonj5@hexun.com,Female,35
691,Pansie,Luxon,pluxonj6@rediff.com,Female,59
692,Timothea,Linskey,tlinskeyj7@youtube.com,Bigender,85
693,Mufi,Garrard,mgarrardj8@squarespace.com,Female,50
694,Gare,Wedgbrow,gwedgbrowj9@forbes.com,Male,48
695,Temp,Keeffe,tkeeffeja@comsenz.com,Male,61
696,Maurie,Hukin,mhukinjb@facebook.com,Male,54
697,Baxter,Pickston,bpickstonjc@mlb.com,Male,47
698,Thaxter,Whitlaw,twhitlawjd@who.int,Male,70
699,Delano,Hubback,dhubbackje@cisco.com,Male,2
700,Maxwell,Bertie,mbertiejf@walmart.com,Male,29
701,Flor,McLaren,fmclarenjg@biblegateway.com,Female,25
702,Goober,Jollie,gjolliejh@technorati.com,Male,13
703,Al,Baguley,abaguleyji@blogger.com,Male,57
704,Manfred,Kirsopp,mkirsoppjj@webs.com,Male,78
705,Sumner,Kenneway,skennewayjk@joomla.org,Male,56
706,Vassily,Killgus,vkillgusjl@blogspot.com,Male,64
707,Fredra,Dowber,fdowberjm@webeden.co.uk,Female,85
708,Milo,Mutimer,mmutimerjn@wikipedia.org,Male,82
709,Myrtie,Berresford,mberresfordjo@flavors.me,Female,27
710,Rustin,Fontell,rfontelljp@liveinternet.ru,Male,62
711,Quinta,Paton,qpatonjq@examiner.com,Female,80
712,Leigha,Tattersdill,ltattersdilljr@bbc.co.uk,Female,72
713,Edeline,Alwen,ealwenjs@digg.com,Female,78
714,Gayle,Parlot,gparlotjt@1688.com,Female,5
715,Thoma,Willgoose,twillgooseju@last.fm,Male,78
716,Stacia,Jobbing,sjobbingjv@icio.us,Non-binary,58
717,Else,Fullerd,efullerdjw@businesswire.com,Female,30
718,Othilie,Gillett,ogillettjx@howstuffworks.com,Female,75
719,Gardiner,Linneman,glinnemanjy@miitbeian.gov.cn,Male,4
720,Finn,Scotcher,fscotcherjz@cocolog-nifty.com,Male,27
721,Abigael,Fearnyough,afearnyoughk0@prweb.com,Genderqueer,100
722,Pen,Ambrosio,pambrosiok1@yolasite.com,Female,80
723,Ivan,Dillintone,idillintonek2@reference.com,Male,96
724,Sid,Haseldine,shaseldinek3@sciencedaily.com,Male,31
725,Constantine,Ginner,cginnerk4@wordpress.org,Male,63
726,Rosemaria,Snashall,rsnashallk5@phoca.cz,Female,89
727,Riley,Condit,rconditk6@edublogs.org,Male,22
728,Justinian,Magowan,jmagowank7@artisteer.com,Male,51
729,Shem,Eustanch,seustanchk8@tripadvisor.com,Male,2
730,Noak,Pammenter,npammenterk9@pen.io,Male,31
731,Netta,Tordoff,ntordoffka@mapy.cz,Female,50
732,Gareth,McDell,gmcdellkb@addthis.com,Male,55
733,Kathryn,Gresham,kgreshamkc@wisc.edu,Female,90
734,Rodie,Hurren,rhurrenkd@yandex.ru,Bigender,93
735,Vina,Waugh,vwaughke@cnet.com,Female,32
736,Candra,Causnett,ccausnettkf@last.fm,Female,4
737,Daveen,Inge,dingekg@howstuffworks.com,Female,89
738,Moise,McSherry,mmcsherrykh@mapquest.com,Male,99
739,Terrijo,Silvermann,tsilvermannki@sitemeter.com,Female,27
740,Aeriela,Coslett,acoslettkj@squarespace.com,Female,68
741,Misti,Piddock,mpiddockkk@flavors.me,Female,66
742,Haven,Amburgy,hamburgykl@google.com.br,Male,71
743,Katrina,Greedyer,kgreedyerkm@xing.com,Female,14
744,Harald,Lowthorpe,hlowthorpekn@ebay.com,Genderqueer,46
745,Laird,Brian,lbrianko@blogs.com,Male,59
746,Yvonne,Baggallay,ybaggallaykp@loc.gov,Female,81
747,Kenny,Kopje,kkopjekq@samsung.com,Male,60
748,Agneta,Tellenbrook,atellenbrookkr@cpanel.net,Female,50
749,Beale,Cudihy,bcudihyks@economist.com,Genderqueer,48
750,Westbrooke,Greetland,wgreetlandkt@ycombinator.com,Male,30
751,Katherine,Salzburg,ksalzburgku@apache.org,Female,2
752,Clayton,Lorence,clorencekv@bbc.co.uk,Male,82
753,Jeffy,Vaudin,jvaudinkw@google.com.au,Male,51
754,Whittaker,Elliker,wellikerkx@people.com.cn,Male,91
755,Loraine,Greson,lgresonky@delicious.com,Female,38
756,Salvidor,Dally,sdallykz@forbes.com,Male,20
757,Patrick,Shenfisch,pshenfischl0@businesswire.com,Male,37
758,Sari,Duncan,sduncanl1@bizjournals.com,Female,98
759,Rhiamon,Baraclough,rbaracloughl2@time.com,Female,9
760,Hadlee,Margaret,hmargaretl3@drupal.org,Genderfluid,61
761,Gabbie,Wallbutton,gwallbuttonl4@mozilla.org,Male,73
762,Pearle,Callander,pcallanderl5@slate.com,Female,3
763,Debby,Hanburry,dhanburryl6@webeden.co.uk,Female,93
764,Inglebert,Jarrelt,ijarreltl7@mlb.com,Male,50
765,Audrie,Tacker,atackerl8@merriam-webster.com,Female,72
766,Kinnie,Belshaw,kbelshawl9@issuu.com,Male,57
767,Channa,Rhodef,crhodefla@live.com,Female,72
768,Tracey,Atack,tatacklb@usda.gov,Genderfluid,89
769,Abbe,Coppard,acoppardlc@comsenz.com,Female,66
770,Gaven,Rowlett,growlettld@webnode.com,Male,54
771,Violetta,Zolini,vzolinile@sakura.ne.jp,Female,79
772,Collete,Edland,cedlandlf@globo.com,Female,63
773,Adore,Fleckno,aflecknolg@istockphoto.com,Female,33
774,Celestine,Geri,cgerilh@bbb.org,Female,91
775,Noellyn,Addess,naddessli@boston.com,Genderqueer,25
776,Louella,Duffie,lduffielj@cdbaby.com,Non-binary,74
777,Cris,Gilvear,cgilvearlk@umn.edu,Male,59
778,Ursala,Doers,udoersll@webnode.com,Female,12
779,Sonia,Mote,smotelm@dion.ne.jp,Female,46
780,Martie,McBrier,mmcbrierln@de.vu,Male,55
781,Jacklyn,Dyne,jdynelo@google.cn,Female,24
782,Vaclav,Feaver,vfeaverlp@epa.gov,Male,31
783,Sibel,Kerbler,skerblerlq@paypal.com,Female,66
784,Flossie,Ortells,fortellslr@msu.edu,Female,26
785,Fields,Klarzynski,fklarzynskils@meetup.com,Male,51
786,Caryn,Earle,cearlelt@google.com.au,Female,75
787,Essa,Eccles,eeccleslu@unesco.org,Female,63
788,Janenna,Baudasso,jbaudassolv@yahoo.com,Female,99
789,Francyne,Ricardou,fricardoulw@mtv.com,Female,56
790,Nev,Greschke,ngreschkelx@go.com,Male,73
791,Inness,Brundale,ibrundalely@yandex.ru,Male,26
792,Mina,Worrill,mworrilllz@linkedin.com,Female,8
793,Laurie,Dollard,ldollardm0@goodreads.com,Male,48
794,Drake,Soffe,dsoffem1@ovh.net,Male,56
795,Torre,Bloss,tblossm2@1688.com,Male,76
796,Abeu,Gallyhaock,agallyhaockm3@ow.ly,Male,31
797,Rois,Cromwell,rcromwellm4@hhs.gov,Female,27
798,Nicky,Pettinger,npettingerm5@so-net.ne.jp,Male,72
799,Corry,Raff,craffm6@deviantart.com,Female,28
800,Cyndia,Montes,cmontesm7@artisteer.com,Female,70
801,Leonie,Becke,lbeckem8@upenn.edu,Female,52
802,Drake,Rewbottom,drewbottomm9@cargocollective.com,Male,67
803,Verna,Brailey,vbraileyma@tripadvisor.com,Female,42
804,Alessandro,Asals,aasalsmb@trellian.com,Male,38
805,Sacha,Emery,semerymc@stanford.edu,Female,44
806,Bernadene,Damato,bdamatomd@wikipedia.org,Female,1
807,Carney,Augar,caugarme@ning.com,Male,97
808,Bee,Snoddon,bsnoddonmf@fc2.com,Non-binary,59
809,Arch,McKue,amckuemg@dyndns.org,Male,14
810,Wilbert,Simoneau,wsimoneaumh@shinystat.com,Male,54
811,Tyrus,Mordey,tmordeymi@jigsy.com,Male,21
812,Ethelbert,Casari,ecasarimj@paypal.com,Male,71
813,Saloma,Paoli,spaolimk@imageshack.us,Female,48
814,Gabby,Ardron,gardronml@reverbnation.com,Male,8
815,Rachele,Sanders,rsandersmm@sciencedirect.com,Female,46
816,Davine,Skilling,dskillingmn@themeforest.net,Bigender,48
817,Vite,Ossipenko,vossipenkomo@google.ca,Male,71
818,Adoree,Hullot,ahullotmp@bigcartel.com,Female,5
819,Gabi,Reiling,greilingmq@google.de,Male,93
820,Osborn,Yonge,oyongemr@newsvine.com,Polygender,39
821,Cassi,Bicknell,cbicknellms@odnoklassniki.ru,Female,66
822,Fransisco,Ready,freadymt@lycos.com,Male,24
823,Clayborn,Fasset,cfassetmu@weather.com,Non-binary,57
824,Teressa,Ianne,tiannemv@nature.com,Female,26
825,Dal,Jedraszek,djedraszekmw@archive.org,Male,76
826,Carmelina,Clemmens,cclemmensmx@cyberchimps.com,Female,79
827,Gerardo,Streader,gstreadermy@zdnet.com,Male,47
828,Jena,Blincow,jblincowmz@amazon.de,Female,80
829,Jamima,Iacopo,jiacopon0@tamu.edu,Female,78
830,Glyn,McJury,gmcjuryn1@disqus.com,Male,14
831,Horatius,Gorrie,hgorrien2@msu.edu,Male,94
832,Torey,Brothwood,tbrothwoodn3@merriam-webster.com,Male,77
833,Andros,Rathbourne,arathbournen4@linkedin.com,Male,70
834,Marilyn,Pretley,mpretleyn5@tripod.com,Female,91
835,Annice,Helwig,ahelwign6@geocities.jp,Female,49
836,Elsy,Caffin,ecaffinn7@joomla.org,Female,80
837,Steffi,Giacomello,sgiacomellon8@bizjournals.com,Female,40
838,Hazel,Starbucke,hstarbucken9@nymag.com,Male,54
839,Bessie,Jacqueminot,bjacqueminotna@yahoo.co.jp,Female,91
840,Dani,Pratley,dpratleynb@theglobeandmail.com,Male,77
841,Douglass,Scarasbrick,dscarasbricknc@furl.net,Male,24
842,Henry,De Caville,hdecavillend@ucoz.ru,Male,80
843,Nissie,Hartshorne,nhartshornene@angelfire.com,Female,55
844,Celestia,Aldous,caldousnf@booking.com,Non-binary,82
845,Charlean,Burnett,cburnettng@marriott.com,Female,24
846,Andreana,Pichan,apichannh@de.vu,Female,94
847,Rosco,Vye,rvyeni@sun.com,Male,69
848,Jodie,Haestier,jhaestiernj@huffingtonpost.com,Polygender,52
849,Moselle,Angear,mangearnk@cnet.com,Female,81
850,Derick,Hollows,dhollowsnl@about.com,Male,55
851,Augustine,Breckenridge,abreckenridgenm@latimes.com,Male,96
852,Lidia,Grahamslaw,lgrahamslawnn@histats.com,Female,15
853,Reine,Hiers,rhiersno@taobao.com,Female,99
854,Beverlee,Denyer,bdenyernp@dagondesign.com,Female,43
855,Fletch,Donhardt,fdonhardtnq@google.cn,Male,75
856,Field,Doy,fdoynr@examiner.com,Male,65
857,Rosette,Thomann,rthomannns@hexun.com,Female,58
858,Noemi,Rozet,nrozetnt@gov.uk,Female,17
859,Woodrow,Odgers,wodgersnu@people.com.cn,Male,83
860,Winnie,Chessun,wchessunnv@cnet.com,Female,68
861,Weber,Tregido,wtregidonw@prlog.org,Male,54
862,Iver,Mc Meekin,imcmeekinnx@squidoo.com,Male,73
863,Lyon,Cordet,lcordetny@addthis.com,Male,59
864,Pepe,Rawood,prawoodnz@buzzfeed.com,Male,7
865,Juliana,Tesoe,jtesoeo0@nydailynews.com,Female,8
866,Matthiew,de Tocqueville,mdetocquevilleo1@infoseek.co.jp,Male,9
867,Darcey,Goodge,dgoodgeo2@mit.edu,Female,70
868,Finlay,Zottoli,fzottolio3@noaa.gov,Male,34
869,Dianemarie,Eringey,deringeyo4@home.pl,Agender,18
870,Priscilla,Bawdon,pbawdono5@ihg.com,Female,69
871,Carlota,Papen,cpapeno6@army.mil,Female,49
872,Suellen,Ould,souldo7@buzzfeed.com,Female,42
873,Shauna,Brabin,sbrabino8@nasa.gov,Female,84
874,Toby,Stadden,tstaddeno9@ifeng.com,Female,52
875,Valaria,Botterman,vbottermanoa@artisteer.com,Genderqueer,21
876,Tammy,Witheridge,twitheridgeob@examiner.com,Male,42
877,Averill,Lamkin,alamkinoc@163.com,Non-binary,70
878,Kelcey,Tenny,ktennyod@amazon.com,Bigender,77
879,Gawen,Pryell,gpryelloe@craigslist.org,Male,88
880,Kayley,Woonton,kwoontonof@mediafire.com,Female,93
881,Jayme,Kilmartin,jkilmartinog@a8.net,Male,26
882,Corena,Burgin,cburginoh@theglobeandmail.com,Bigender,96
883,Cordey,Coope,ccoopeoi@icio.us,Female,32
884,Alfie,Ramos,aramosoj@ask.com,Male,53
885,Ibby,Dewar,idewarok@wordpress.com,Female,31
886,Hartley,Frankling,hfranklingol@cnet.com,Male,24
887,Christoph,Lappine,clappineom@howstuffworks.com,Male,93
888,Drona,Killeley,dkilleleyon@auda.org.au,Female,16
889,Farly,Pegler,fpegleroo@aol.com,Male,34
890,Lexie,Croom,lcroomop@dailymotion.com,Agender,93
891,Miranda,Bodle,mbodleoq@1688.com,Female,93
892,Etta,Marzelle,emarzelleor@deviantart.com,Female,11
893,Mattie,Pirozzi,mpirozzios@harvard.edu,Male,15
894,Dolf,Bruntjen,dbruntjenot@sphinn.com,Non-binary,4
895,Pall,Swate,pswateou@epa.gov,Male,91
896,Ash,Jills,ajillsov@biglobe.ne.jp,Bigender,42
897,Staci,Measor,smeasorow@chicagotribune.com,Female,80
898,Corbie,Raleston,cralestonox@mtv.com,Male,17
899,Elwood,Shark,esharkoy@bigcartel.com,Male,71
900,Melissa,Garner,mgarneroz@nationalgeographic.com,Female,49
901,Thaddeus,Everson,teversonp0@i2i.jp,Male,76
902,Aloin,Sandiford,asandifordp1@baidu.com,Male,64
903,Lem,Saurin,lsaurinp2@sohu.com,Male,74
904,Maryellen,Jeratt,mjerattp3@wikia.com,Female,21
905,Lin,Underwood,lunderwoodp4@msu.edu,Male,83
906,Marten,Balaizot,mbalaizotp5@rakuten.co.jp,Male,5
907,Guss,Pesik,gpesikp6@ovh.net,Male,60
908,Giavani,Hagstone,ghagstonep7@boston.com,Male,3
909,Jorry,Arnout,jarnoutp8@sina.com.cn,Bigender,97
910,Deborah,Salzburg,dsalzburgp9@google.fr,Female,58
911,Myrilla,Marjoribanks,mmarjoribankspa@marketwatch.com,Female,53
912,Blinnie,Baradel,bbaradelpb@google.com.au,Bigender,62
913,Kleon,Gilchrest,kgilchrestpc@marriott.com,Agender,57
914,Brennen,Carayol,bcarayolpd@businessweek.com,Genderfluid,51
915,Berna,Batstone,bbatstonepe@springer.com,Female,5
916,Traver,Fetherstone,tfetherstonepf@elpais.com,Male,95
917,Lyndy,Raw,lrawpg@cocolog-nifty.com,Female,96
918,Ardelis,Sandcraft,asandcraftph@nps.gov,Female,15
919,Garry,Rapelli,grapellipi@reddit.com,Male,50
920,Brittani,Melliard,bmelliardpj@furl.net,Female,22
921,Eolanda,Tomasian,etomasianpk@liveinternet.ru,Female,23
922,James,Deaton,jdeatonpl@theglobeandmail.com,Genderfluid,69
923,Tabbie,Gillings,tgillingspm@gravatar.com,Female,32
924,Jaquenetta,Willox,jwilloxpn@liveinternet.ru,Female,40
925,Delmor,Revell,drevellpo@businessweek.com,Male,20
926,Hildegaard,Healing,hhealingpp@sourceforge.net,Bigender,40
927,Kellyann,Tringham,ktringhampq@chicagotribune.com,Female,16
928,Consuela,Sleight,csleightpr@nsw.gov.au,Female,29
929,Wylma,Raff,wraffps@fc2.com,Female,47
930,Jeddy,Huddart,jhuddartpt@bloglines.com,Male,3
931,Amye,Smurfit,asmurfitpu@umich.edu,Female,19
932,Alethea,Bills,abillspv@blinklist.com,Female,33
933,Gibb,Beeho,gbeehopw@nymag.com,Male,62
934,Berty,Kytter,bkytterpx@independent.co.uk,Non-binary,94
935,Jere,Benka,jbenkapy@omniture.com,Female,62
936,Hermy,Lipp,hlipppz@imdb.com,Male,83
937,Conant,Bounde,cboundeq0@prlog.org,Male,70
938,Bamby,Goodnow,bgoodnowq1@surveymonkey.com,Female,94
939,Fanechka,De Domenici,fdedomeniciq2@eepurl.com,Female,100
940,Abdul,Beevis,abeevisq3@tinyurl.com,Male,98
941,Peyter,Honacker,phonackerq4@rediff.com,Male,10
942,Onfroi,Pachta,opachtaq5@mlb.com,Male,28
943,Sibylle,Ginman,sginmanq6@dropbox.com,Female,37
944,Harley,Matei,hmateiq7@alibaba.com,Female,68
945,Minnnie,Knappitt,mknappittq8@opensource.org,Female,37
946,Lyndel,Minet,lminetq9@studiopress.com,Female,22
947,Annamaria,Dalgleish,adalgleishqa@prlog.org,Female,9
948,Calley,Whaley,cwhaleyqb@smh.com.au,Female,49
949,Herold,Batchley,hbatchleyqc@ucoz.ru,Male,82
950,Jehanna,Wilsher,jwilsherqd@jiathis.com,Female,50
951,Nicole,McLagan,nmclaganqe@pcworld.com,Female,79
952,Webb,Pinard,wpinardqf@paypal.com,Male,31
953,Melloney,Dericot,mdericotqg@mysql.com,Female,88
954,Tilda,Handrock,thandrockqh@nba.com,Female,59
955,Mady,Durham,mdurhamqi@sciencedirect.com,Female,27
956,Billye,Thomassen,bthomassenqj@globo.com,Female,57
957,Dede,Butlin,dbutlinqk@ox.ac.uk,Female,64
958,Patin,Platt,pplattql@about.com,Male,75
959,Malcolm,Littlechild,mlittlechildqm@japanpost.jp,Male,48
960,Barbara-anne,Boswell,bboswellqn@artisteer.com,Bigender,94
961,Nara,Given,ngivenqo@usnews.com,Female,98
962,Wilden,Haines,whainesqp@about.com,Male,86
963,Casar,Janoch,cjanochqq@gmpg.org,Male,15
964,Freddie,Arnoldi,farnoldiqr@smugmug.com,Male,7
965,Goran,Monnoyer,gmonnoyerqs@ed.gov,Male,35
966,Blondy,Flatt,bflattqt@ask.com,Female,54
967,Marlowe,Crowden,mcrowdenqu@shareasale.com,Male,22
968,Gradeigh,Harrison,gharrisonqv@studiopress.com,Male,17
969,Bartie,Dannel,bdannelqw@delicious.com,Male,10
970,Janetta,Pauluzzi,jpauluzziqx@flavors.me,Female,17
971,Nealon,Dewan,ndewanqy@spiegel.de,Male,94
972,Kalvin,Millin,kmillinqz@aol.com,Male,61
973,Leigh,McArte,lmcarter0@jimdo.com,Female,5
974,Rhetta,Genn,rgennr1@about.com,Genderfluid,10
975,Francyne,Grinnov,fgrinnovr2@pen.io,Female,50
976,Andras,Pena,apenar3@bing.com,Male,89
977,Inger,Agnew,iagnewr4@canalblog.com,Genderqueer,1
978,Jacquenette,Aiken,jaikenr5@list-manage.com,Female,67
979,Nalani,Culpen,nculpenr6@cargocollective.com,Female,59
980,Zach,Minard,zminardr7@noaa.gov,Male,15
981,Consolata,Ridewood,cridewoodr8@guardian.co.uk,Female,47
982,Harriett,Lamminam,hlamminamr9@slideshare.net,Female,47
983,Kendal,Snipe,ksnipera@booking.com,Male,47
984,Kory,Colisbe,kcolisberb@youku.com,Male,84
985,Saxe,Lansdown,slansdownrc@ustream.tv,Male,12
986,Wilhelm,Avrasin,wavrasinrd@washington.edu,Bigender,49
987,Brew,Demcak,bdemcakre@mit.edu,Male,35
988,Gianna,Perritt,gperrittrf@irs.gov,Female,70
989,Lodovico,Tiller,ltillerrg@altervista.org,Male,56
990,Olivie,Danbi,odanbirh@networksolutions.com,Female,31
991,Harmony,Scandroot,hscandrootri@discovery.com,Female,25
992,Braden,Todari,btodarirj@freewebs.com,Male,70
993,Jodie,Rotlauf,jrotlaufrk@bbb.org,Male,73
994,Aldis,Mullenger,amullengerrl@census.gov,Male,74
995,Bernardine,Garrard,bgarrardrm@constantcontact.com,Female,60
996,Rodolphe,Thairs,rthairsrn@123-reg.co.uk,Male,52
997,Bibbye,Willimott,bwillimottro@pcworld.com,Female,80
998,Conway,Revens,crevensrp@aol.com,Polygender,29
999,Sula,Joscelyne,sjoscelynerq@addthis.com,Female,97
1000,Sasha,Dunrige,sdunrigerr@dion.ne.jp,Female,81
